sha256,if_iot
E876F63380DBA720313E6DFFCFF4F6B61993B60ECC78192741B6BC7019BFFADB,1
E8784A3B633A4F728BCD8B2827C451E5BA7A2E3254E0C2C45E6D6320500C6665,1
E8785C48B8DAF3656B65ED81B75FBA4669B85FE8754C707038C654B2761B7008,1
E878A2059F8E6FDFD7823CCF596F79CD0991F336BF299EAD046C9021845CF9E9,0
E879F859AD738849C868CED9312E8A4AD4C4F77E187E5AD7C1A9E484CEA2AB39,0
E88C6F88AE45036EE2C514495C3D4A9C8AD1AEC4899F839149DB8BF8DCDF3905,0
E89201941473D533D4394D4E92144D7A2FCECA1A084260BFBA3AA486A096E602,1
E89B534F8976D9D0D293C59379CD6E5C4D4834A9AD63D8CBA012C1984544C0ED,0
E8A3049D65B72AB3B65D471C768B19C08587B1D57B1D3D9FAAB026230F1CDAF9,0
E8A5C14A1C3DE55616721BC44F593F0827FFA7112C879FDA0CCAA75F58868A18,1
E8A8060D3036E93B9C4A62312774CADDA456B197123637A56788FFC11B61B26A,1
E8A8B66E8E2E4F97799F86E525A65D7E34D58EDF22E56470A59FF27FBC17C13E,1
E8A8C6FA2938542DF8B0E75D2638F57E5875ECFE6340662AE32306BFEA3BC633,0
E8B79F01A5C82C750E2AB66D1F5CC0A28C55BBC1DC97862B95C4807D83F3786F,0
E8C6E59D2D9D2350C4A757D629FB00A822088C4B11B3E5DC4737EEE0600F0BC7,0
E8C73976FA504CFEDFB86953DFE0D07F98114CD3F1269FA0ACE7F69D21391954,0
E8C9AE6297788459E59479AA0E09FDED40B0E003F90A0A0ED1FCEBBE41F042B2,0
E8CCF70C41BF31D45568810FDE59A7EE8E9EF85D52C97DE064FA53D4C3725778,1
E8DA1C3094A56A70B92EF361025B009FEF76E6FC64966EED2BECB8B6B80D1049,0
E8DC2311AA970E37C00414FF6085AAD8939C2B53970437056D74DC530312618F,0
E8DE63D3146E7B09A687E5B7AE79143566B7D4B1C4B8B773A8B476D3815F4A34,0
E8E12D3C4A9FF6D8DB5BC134BF86FEEED608D66DAA0B8152ADB95BB677963353,0
E8E426F280EEF53303B1AAB2351E7CD08353C2ECF22F6ECCAE116C4754888FA0,0
E8EA1A418883B8D21EF64FB6475E418F8A851FE802D24DCC3175528EA1AC8AF2,0
E8EB89A3492D5B16BF2F32F6CD4E1DAA5C20F4A228FA4C306FB484D2CA7C0A68,0
E8EBAA7D6BFDD5133C411EAE2AF4FA3B88973AE215C9D911B8FA39D7B74C5B0A,0
E8ED5686A006D8A9BD15F6BDC0DBF401145C9CA446EB313163509F14C439DE80,0
E8F06ADB426258249CCE4D7DA3D5F16D0708258AF4611EED5EAD0AA2C55C4390,0
E85CA5474C7FF2AFB5693BB1F285ADAE561951BFE5D82A3C3DA6DF3E3F8437CD,1
E84D97077C0F1B2C9C4CFCE68555B5B4B3AF74A62B7F8ED91C55F1301E1D93C5,1
E8472BACADA4768DAF110FF991CD32D12B42FDD0FF4B85535EBD65BF06BCF172,1
F4557E404887695BABCC2004754990A52821766ECE5BB3B8750FDBD36D717D34,1
E83DEC1998E500F7BA379A8AD1C95D366D1BCFFC5390CBBE20D57DCA92BF10EF,1
E82FF12F9B24D239FE38ADBF6FB6995233EBA8C55B2A3EF3D03DCA781CA44550,1
E821ED83C01C8187667A5014248B2774DE2BFB2BF6F2DBBFD5579C324DBC5C48,1
E81DCBD9ABC21FDFE4003CADD95CE18781D9E019E15617773928F4FD1F978716,1
E7F0F63FDD644D8DC2E1386E0CC8F0311E69C45B6B114346FD16F7545213A62D,1
E7E8DF6BD53DC78EA1C9BC0E141986587B232F680CC30D5A234FAB0AF89900CA,1
E7E1093CC13D2194992E7CC1288E1FC8FE5CF7E0377BC7DBD673D2269E284E6D,1
E7D00DFA7FBAF34AC03DE8BC09655CC0C914B71F38562A0BA06D1A50D5AA8C5B,1
,
,
,
,
,
,
,
,
,
,
,
